,word1,word2,prediction
0,abandon,frost,-1.036599763751646
1,abandon,railroad,-1.0068038700494977
2,abortion,religion,-0.7690751652192677
3,abstract,candle,-0.9816938608257852
4,abstract,frog,-0.9859409854068364
5,abstract,moon,-0.97579702867369
6,abstract,rally,-1.058145451882025
7,abuse,abuse,-0.0
8,abuse,disorder,-0.7458500368795589
9,accommodate,adjust,-0.8085974501958069
10,accommodation,accommodation,-0.0
11,accompany,walking,-1.019706772888726
12,account,explanation,-0.8969790841088914
13,account,invoice,-0.8836510785497403
14,act,improvement,-0.9677086362290139
15,action,adjustment,-0.8887040331998536
16,action,entrance,-1.0347629487933767
17,activity,solo,-1.0693296856358072
18,activity,variation,-0.9675846979840799
19,actor,amateur,-0.8226766227762526
20,ad,track,-1.0064732976409383
21,add,increased,-0.9868442241753974
22,add,string,-0.980599874875986
23,addition,segment,-0.944729486032985
24,admitting,confess,-0.7548254745404496
25,adult,dentist,-0.9444175180789175
26,advance,advance,-0.0
27,advance,string,-0.9637833388006025
28,advice,recommendation,-0.7967789807550965
29,advised,murder,-0.9868202674625832
30,aerial,clown,-1.0145146933810223
31,africa,territory,-0.8421573611229338
32,age,history,-0.945419497300279
33,agency,police,-0.7968902988857663
34,aim,intending,-0.902365840137017
35,air,cold,-0.9026473644468166
36,air,plasma,-0.9452184710423639
37,air,satellite,-0.9064620199554968
38,aircraft,fleet,-0.6275340545861592
39,aircraft,flight,-0.6648814656332919
40,aircraft,yacht,-0.8413458187105227
41,airplane,plane,-0.40512695596850334
42,ale,bitter,-0.9225720463648227
43,alley,street,-0.7320207466820395
44,aluminum,component,-0.8301892175529513
45,aluminum,imperative,-1.050415403798952
46,american,lobster,-1.0479511010113447
47,ammunition,intolerable,-1.0082715154855204
48,amount,number,-0.6144079024091627
49,amounted,make,-0.9342100484958168
50,amusement,athletics,-0.9890154184003094
51,amusement,procedure,-1.0400514706455526
52,anatomy,palm,-1.0373831583312512
53,ancient,city,-0.8980984277458576
54,angel,asphalt,-1.0305271695022342
55,angel,pod,-0.9927060622640059
56,angrier,stormy,-0.9870796536472007
57,animal,asia,-0.9953484963064593
58,animal,flora,-0.8836410992705148
59,animal,giraffe,-0.8441465283336708
60,animal,mural,-0.9498647310331734
61,animal,wild,-0.8048774744773893
62,animal,worm,-0.8779212262603051
63,animal,zoo,-0.7600416594930064
64,anniversary,marriage,-0.9264227096164841
65,answering,counter,-0.9760073890415389
66,anxiety,insecurities,-0.7715130034728158
67,apartment,staircase,-0.7799206474221468
68,appliance,dryer,-0.8211367727541364
69,appreciate,see,-0.7580202675124761
70,approach,avenue,-1.0553140628780306
71,approach,merit,-0.9510720545322635
72,approach,trench,-1.02564487311414
73,approval,encouragement,-0.9005149979150443
74,approving,interaction,-0.9969088449429458
75,aquarium,coin,-0.9930845904341483
76,arch,brick,-0.8210650797708875
77,arch,roof,-0.8549103700831728
78,architecture,urban,-0.7580934817489855
79,area,space,-0.8706048943353115
80,argument,evidence,-0.8041615967405514
81,arm,bicycle,-0.913487187174351
82,arm,television,-0.9850103089776955
83,arrange,discard,-0.7382120164724915
84,arrange,study,-1.0492500280571755
85,arrangement,blizzard,-1.0258272069230265
86,arrangement,room,-0.9933851498240036
87,art,craft,-0.8549297030372025
88,art,gem,-0.8552389397149847
89,art,museum,-0.62255843901791
90,art,painting,-0.6194873164004794
91,article,cup,-1.0140388213041296
92,article,girl,-1.0196108287565095
93,ash,bone,-0.9561895057593729
94,ash,coil,-0.9359626757437971
95,asphalt,crane,-0.9069446149502692
96,asphalt,water,-0.7680519564770507
97,assets,exclude,-0.9307833935142626
98,association,organization,-0.7128840057537147
99,association,realtor,-0.9488959683496523
100,asylum,dollar,-0.9958903113516635
101,asylum,shelter,-0.8565670597213096
102,athletics,racing,-0.750990732937663
103,athletics,swimming,-0.7121469318834531
104,attempt,give,-0.9915898059791936
105,attempt,initiate,-0.9573859678189917
106,attitude,notice,-0.9220667789908515
107,attitude,study,-1.004237494747099
108,attorney,lawyer,-0.261533868810488
109,auto,bright,-1.0776566012983857
110,automobile,fabric,-0.9869222540549868
111,automobile,racing,-0.8685814844691475
112,autumn,foliage,-0.6883846316670472
113,autumn,hat,-0.9753137999095369
114,autumn,sunshine,-0.7506543544527672
115,autumn,winter,-0.6107854135770125
116,award,citation,-0.7204766739602498
117,baby,treat,-0.942682584032773
118,back,lumbar,-0.9305174462655063
119,back,shifting,-0.9910994172556615
120,bacon,bread,-0.45705647620425693
121,bacon,pepper,-0.4827348074382153
122,bacon,salad,-0.4588759734572161
123,bacon,tomato,-0.419689164354064
124,bacon,wild,-0.8584949951246612
125,bag,cop,-1.005452986592439
126,bag,flag,-0.9072765672972559
127,bakery,cake,-0.7487184332804842
128,bakery,vehicle,-0.9687941542583116
129,balance,gauge,-0.8948132023220009
130,banana,salad,-0.597710179033107
131,band,guitar,-0.6092544782695235
132,band,metal,-0.934706628061209
133,band,play,-0.9393238623731835
134,band,uniform,-0.9370649102113427
135,band,vinyl,-0.9220302224028571
136,bank,smell,-1.0738932833428674
137,bankruptcy,enterprise,-0.9469705347592274
138,bar,diner,-0.7191043135071623
139,bar,ship,-0.9880294042148962
140,bar,stair,-0.9355816088255197
141,bar,sushi,-0.7594998104725783
142,barn,food,-0.9684132001500918
143,barrel,gallon,-0.49732783964024563
144,base,club,-0.971963861478403
145,baseball,born,-0.9952796471763256
146,baseball,cactus,-0.9557007736477193
147,baseball,game,-0.7067284542319684
148,baseball,hockey,-0.4914714398066423
149,baseball,season,-0.807049865625825
150,basket,dinner,-0.9398921736531684
151,basketball,lesson,-0.971186228066152
152,basketball,squash,-0.8801655709842753
153,bat,bats,-0.6108786590135523
154,bath,bedroom,-0.7481600865079634
155,bath,floor,-0.8130332639198923
156,bath,hot,-0.7727898747442395
157,bath,sleep,-0.9130376815504584
158,bathroom,chamber,-0.9576662478114256
159,bay,curve,-1.0280675440131153
160,bay,harbour,-0.7537502507733103
161,beach,cliff,-0.8460649695000602
162,beach,pebble,-0.7988657099649108
163,bead,chess,-1.00024181854541
164,bead,gold,-0.9178462267972677
165,bead,redhead,-0.9868122142671505
166,beam,column,-0.9717936752465673
167,beard,hair,-0.6124904152748609
168,beat,meter,-0.8931662128121762
169,bed,candy,-0.9001554854417186
170,bed,floor,-0.7189750553564973
171,bed,furniture,-0.8114781586022738
172,bed,layer,-0.8933456865456478
173,bed,pillow,-0.6828889138068419
174,bed,relax,-0.9286790927668364
175,bed,sitting,-0.685995261036838
176,bed,staircase,-0.8228171968381799
177,bedroom,canyon,-0.9130581157618807
178,bedroom,ceiling,-0.7351462029648647
179,bedroom,cell,-0.9232389375004049
180,bedroom,construction,-1.023879940073743
181,bedroom,door,-0.6587295823754429
182,bedroom,downtown,-0.9021767641659371
183,bedroom,room,-0.5381962251677328
184,bedroom,stair,-0.8415987521882404
185,bedroom,staircase,-0.7043479021222623
186,beef,chicken,-0.3585110589366567
187,beef,lamb,-0.469001699746345
188,beef,pepper,-0.546572240562911
189,beef,potato,-0.4990838667326952
190,beer,patio,-0.8453472851220682
191,beer,wild,-0.9015864616036707
192,being,characters,-0.9699569655421285
193,believe,week,-1.0242771975502234
194,belly,black,-0.869219019197049
195,belly,dance,-0.9143548637226854
196,belly,dark,-0.8222529514130148
197,belly,field,-1.0206518457044411
198,belly,stripe,-0.9229258912591194
199,bench,game,-0.764394007106662
200,benefited,get,-1.028054799673665
201,bent,double,-0.9788790915210348
202,bent,inclination,-0.9607828464084072
203,berlin,germany,-0.7108109441669431
204,berry,blossom,-0.9118623433485579
205,berry,bright,-0.9529424740704879
206,berry,dessert,-0.8420495305919558
207,berry,ivy,-0.9253264388471522
208,berry,raspberry,-0.7562257651297968
209,berry,seed,-0.8759930733382536
210,berry,sweet,-0.8219092449346638
211,bias,prejudice,-0.6103171270257178
212,bible,misty,-0.9881989303574071
213,bicycle,green,-0.9546982129528115
214,bigger,large,-0.7505900321262315
215,bike,chopper,-0.8937851313654824
216,bikini,ivy,-0.9727580925097006
217,bin,cup,-1.0436362491262816
218,bird,cock,-0.8888393901328915
219,bird,dragonfly,-0.9030715283925435
220,bird,flamingo,-0.9426253891468033
221,bird,goose,-0.8160295574603651
222,bird,insect,-0.7686327220526978
223,bird,reptile,-0.7953418009352506
224,bird,shade,-0.9695495126992172
225,bird,solid,-1.0636888161629674
226,bishop,priest,-0.5385694421422407
227,bishop,radical,-0.975499286172178
228,bishop,wine,-1.0666510766586548
229,bit,curb,-1.0215153525694383
230,bit,tool,-1.005290971712549
231,bitter,taste,-0.8737894234720294
232,black,blue,-0.5752138376461793
233,black,bright,-0.6945760110043272
234,black,brown,-0.7443490796407226
235,black,cigarette,-0.9452064715955953
236,black,juvenile,-1.0212294154859067
237,black,skirt,-0.6625783205097235
238,black,white,-0.5289384472414047
239,blast,smashing,-0.8741884706616088
240,blaze,pig,-1.0196247030256207
241,blessing,patronage,-0.932865017547956
242,blizzard,rash,-0.8934978111114329
243,block,hinder,-0.7931099041123627
244,blonde,haircut,-0.7998227382649552
245,blonde,wig,-0.7500961493042839
246,bloom,flower,-0.7972449623032505
247,bloom,friend,-0.9534201108977777
248,bloom,plant,-0.8718835232412727
249,bloom,purple,-0.8867097892437893
250,blossom,bud,-0.9120939023532939
251,blossom,cherry,-0.7403890413868557
252,blossom,daisy,-0.8384956775778167
253,blossom,foliage,-0.8122879091816254
254,blossom,orange,-0.7985390632063307
255,blossom,petal,-0.8220645664913871
256,blossom,purple,-0.831647310656577
257,blow,contact,-1.0051359742764063
258,blow,swat,-0.9795054711233059
259,blowing,smoking,-0.9363358304744405
260,blue,colour,-0.9175497972113285
261,blue,happy,-1.0531314732292263
262,blue,report,-1.088471805670847
263,blue,shade,-0.7412804571389177
264,blue,skirt,-0.6202986454943376
265,blues,rhythm,-0.7708629809350228
266,blur,focus,-0.9364140256277743
267,blur,metro,-1.000770515041644
268,board,deal,-0.9234437495920155
269,boardwalk,park,-0.6667303755463448
270,boast,complain,-0.8829909188511504
271,boat,negro,-0.9910695214008115
272,boat,shore,-0.726422220751584
273,bold,forward,-0.9162785859165917
274,bold,leader,-1.0103501963022914
275,bone,skull,-0.6381498063628016
276,book,building,-1.0605482627164144
277,book,smoking,-1.0416741895926696
278,booklet,reference,-0.8948801797517372
279,boot,kick,-0.8926977290915781
280,boot,punch,-0.9446557263021266
281,bootleg,produce,-0.9089140823909763
282,bootleg,whiskey,-0.8356316651136442
283,born,construction,-1.0333955096396772
284,born,mother,-0.7226454544641789
285,born,subway,-1.0098635370900346
286,bottle,wine,-0.6444598330614317
287,bound,line,-0.9830605205408506
288,bound,skirt,-0.9831243869577249
289,bowling,wheel,-0.9705242143251508
290,boxer,stair,-0.997006326697217
291,boxing,hit,-0.988634868361051
292,boy,hand,-0.927679493120075
293,boy,live,-0.9576471273875617
294,bracelet,jewelry,-0.7300192659371257
295,bracelet,mountain,-1.0106721529416056
296,brain,head,-0.9562124379981702
297,brake,click,-0.9567497214297271
298,branch,tea,-1.0269616867988314
299,brass,executive,-1.011345321112876
300,brazil,nut,-1.0047907497680064
301,brazil,triple,-0.9175668692880274
302,bread,bun,-0.6523714463896513
303,bread,cooking,-0.5233901878494482
304,bread,cover,-0.8337256904054386
305,bread,dessert,-0.4691442925241571
306,bread,egg,-0.4458337882914055
307,bread,medicine,-0.9897052940598731
308,break,glittering,-1.0054928112711337
309,break,scattered,-0.995762912118631
310,breakfast,diner,-0.7029896616431
311,breakfast,evening,-0.8133840742463422
312,breakfast,lunch,-0.41412641272860073
313,breakfast,makeup,-1.0305663122014814
314,breakfast,morning,-0.8194176694543485
315,breakfast,people,-1.0489586608620254
316,breakfast,relax,-0.9530652145587258
317,brick,cement,-0.6649511902913923
318,brick,construction,-0.860915963690476
319,brick,skyscraper,-0.7971739727123576
320,bride,photographer,-0.8805284683037742
321,bright,dark,-0.5908680723430678
322,bright,fruit,-0.8723328169015251
323,bright,mist,-0.845244218022277
324,bright,raspberry,-0.8268825960945153
325,bright,shade,-0.6986262156031092
326,bright,sky,-0.7410021093911764
327,bring,presenting,-0.981305293668671
328,bring,return,-0.8238751403271387
329,broadcast,packet,-0.9776476335066884
330,bronze,sculpture,-0.7532517284520335
331,bronze,suspicion,-1.0350828366230997
332,brown,green,-0.6046057187366314
333,brown,hawk,-0.9372731262256472
334,brown,purple,-0.7834670870276427
335,brown,white,-0.6878643645800573
336,brussels,sweden,-0.8556537628595153
337,bucket,water,-0.7124382547263701
338,bud,flower,-0.924076877841977
339,bud,ivy,-0.9312306197943068
340,budget,fund,-0.8569633888850355
341,budget,scale,-0.9043090296684257
342,bug,insect,-0.6922492017139683
343,building,cafe,-0.8431560112847999
344,building,construction,-0.5775759458829299
345,building,downtown,-0.6046552247466337
346,building,floor,-0.7284277208111225
347,building,ministry,-0.9825129137888206
348,building,tall,-0.8796161151212829
349,building,zombie,-1.0574192625706695
350,burger,cooking,-0.8261588859467115
351,burger,dessert,-0.7331347006108644
352,burger,salad,-0.6802869828018716
353,burger,soup,-0.7106308413597844
354,burn,fire,-0.8194143481461681
355,burn,ripple,-0.9923251897041364
356,bus,rail,-0.5832183987254016
357,business,railway,-0.9470610355161435
358,butter,stick,-0.7825835133091443
359,butterfly,caterpillar,-0.942518612794414
360,butterfly,dragonfly,-0.8810202594767911
361,butterfly,glittering,-0.9041051715435944
362,button,sticker,-0.8854602919887098
363,cafe,child,-1.0728520047740662
364,cafe,coffee,-0.6782633060661339
365,cafe,dinner,-0.7059604380839132
366,cafe,donut,-0.8624056733759533
367,cafe,lunch,-0.6753558575377909
368,cafe,pub,-0.5793599845413882
369,cafe,reflection,-1.046794607238081
370,cafe,relax,-0.9768499840755968
371,cafe,shop,-0.6683105227340562
372,cafe,spiral,-1.0089573900993785
373,cake,christmas,-0.8681525578267353
374,call,meeting,-0.9498384092910899
375,call,statement,-0.9679975579135689
376,call,telephone,-0.7679631615627005
377,camel,desert,-0.8717765896740196
378,camp,camp,-0.0
379,campaign,conspiracy,-0.9105882705587637
380,can,sketch,-1.0289520683023659
381,candidate,republic,-0.9323893122453112
382,canine,dog,-0.7722241279733832
383,canyon,landscape,-0.8536249038021404
384,canyon,river,-0.5948084738159547
385,car,insurance,-0.9386493601000316
386,car,pig,-0.9888649386881334
387,car,skull,-0.9361105629108655
388,card,playing,-1.0049183535988728
389,card,see,-1.0235145413649125
390,carrier,carrier,-0.0
391,carrier,traveler,-0.9360934891861052
392,carrier,vehicle,-0.8671519977051205
393,carrot,memorial,-1.0690104893034156
394,carrot,salad,-0.4568195540225253
395,cart,wagon,-0.7816534283303284
396,cartoon,wit,-0.8995319225732735
397,case,clients,-0.9970489075496896
398,cast,cast,-0.0
399,cast,shoot,-1.0047213493916138
400,castle,patio,-0.8503363828699988
401,castle,ruin,-0.9534967254245796
402,cat,garden,-0.9458668391270992
403,catch,catching,-0.53687194475486
404,catch,hooks,-0.886951444622527
405,catching,perceive,-0.9783087715105697
406,catching,playing,-0.8620083918388204
407,category,flavor,-0.9918051853845873
408,catering,loan,-0.9954179007535158
409,caterpillar,paint,-0.9704920739828513
410,cathedral,step,-1.0197996819944977
411,cattle,goat,-0.8048288074238916
412,cattle,web,-1.03761907344651
413,cautious,film,-1.0239603206239338
414,ceiling,marble,-0.6745182994451524
415,ceiling,mug,-0.9880839178684464
416,ceiling,room,-0.7824064720805666
417,ceiling,staircase,-0.7035005248369597
418,ceiling,wall,-0.7086097942997688
419,cell,membrane,-0.8226454422105397
420,cemetery,grave,-0.7323934958155652
421,cemetery,memorial,-0.6262709271386562
422,center,center,-0.0
423,center,refer,-1.0254881885111902
424,century,period,-0.8878191838547774
425,century,temperature,-1.0468525165382443
426,ceramic,floor,-0.7958627327604159
427,chance,fortune,-0.9716528223565961
428,chance,opportunity,-0.5311467703657646
429,chance,ring,-0.9975457244004922
430,change,laundering,-1.0009060189779937
431,change,transforming,-0.912189750275868
432,change,yielding,-0.9685677081342909
433,channel,sound,-0.9762092887977242
434,chaos,death,-0.8930514247851046
435,chapel,porch,-0.7993325653145567
436,chapel,ruin,-0.9916938830026587
437,charcoal,fuel,-0.906875248211168
438,charge,damage,-0.973532510729058
439,charge,sentence,-0.7662408763026118
440,checked,checked,-0.0
441,cheer,musician,-0.9843260809946832
442,cheese,food,-0.7325751332606187
443,cheetah,flame,-1.0012444838133852
444,chemical,intermediate,-0.9572302062016199
445,chemistry,patient,-0.9595652163560316
446,cherry,fruit,-0.573981223227441
447,cherry,grape,-0.6355013702771435
448,cherry,lamb,-0.6949844993117036
449,cherry,meat,-0.7734516918238752
450,cherry,orange,-0.6211749119175535
451,cherry,raspberry,-0.5707538882981027
452,chess,family,-1.0156222262707
453,chess,toy,-0.9599889220790933
454,chicken,lamb,-0.37826575967204024
455,chicken,poultry,-0.6182548516364365
456,chief,guru,-0.7576009945039379
457,child,lad,-0.9260986865976152
458,child,street,-1.0262748489049212
459,chile,plate,-0.8744819783948325
460,chocolate,rock,-0.9676095595506319
461,choice,option,-0.7723544591343929
462,chopper,poppy,-1.0015816765036627
463,chord,play,-0.957327588538339
464,christmas,valentine,-0.9327986874142411
465,church,porch,-0.9169106025495393
466,church,temple,-0.6679472451663474
467,circle,oval,-0.8798583482182919
468,circle,sport,-1.0055330984144049
469,city,round,-1.0009243483028205
470,city,ruin,-1.0078193272396148
471,city,sidewalk,-0.927143249201246
472,city,square,-0.8247668429226049
473,city,urban,-0.849202408694338
474,class,sex,-0.9053921267502869
475,cliff,coast,-0.8859008706245775
476,cliff,harbour,-0.8604460726183085
477,cliff,waterfall,-0.8247746971741824
478,clinic,session,-0.9718578050993137
479,clock,timer,-0.76411514658945
480,close,short,-0.959782056838715
481,closed,closed,-0.0
482,closed,state,-0.9943228099198689
483,closed,up,-0.9011634500857371
484,closing,closing,-0.0
485,closing,finale,-0.9433019624762744
486,clothes,short,-0.9524601260454509
487,cloud,energy,-0.9631061621269403
488,club,hockey,-0.7478764811311857
489,club,shirt,-0.9837484600608078
490,clubhouse,pop,-0.9936066498564239
491,clue,parish,-1.0135456850093445
492,coast,scenery,-0.9563427375041561
493,coast,sunk,-0.8220688922044942
494,coast,zebra,-1.023822089600407
495,coat,resurfacing,-1.05799830933907
496,coat,roof,-0.8832066321508626
497,cock,penis,-0.9628818116088217
498,cocktail,garage,-1.0186004605120438
499,cocktail,restaurant,-0.7478391563934597
500,coffee,meeting,-1.020119896151718
501,coffee,tea,-0.4511886713673168
502,coin,gold,-0.8383135914875711
503,coin,silver,-0.8621689863830448
504,coin,ticket,-0.922529214514127
505,cold,mist,-0.7698012255241329
506,cold,rain,-0.794407624135384
507,cold,silver,-1.005844435224767
508,cold,sunny,-0.838218794437328
509,cold,sunshine,-0.805085475608483
510,cold,water,-0.7254162948347913
511,cold,weather,-0.7753105907129615
512,cold,winter,-0.7422570842992099
513,coldness,cool,-0.9802421992690208
514,collage,exhibition,-0.8711104189978218
515,collage,paint,-0.8684945651461419
516,collage,sculpture,-0.7593600365226962
517,collage,stream,-0.9855484922237959
518,collapse,shock,-0.8725752474520285
519,collar,tiger,-0.9458644795748806
520,collect,collect,-0.0
521,collect,scrape,-0.9125461934485245
522,collection,library,-0.7662127938499778
523,collection,packet,-0.9893825788874977
524,color,quality,-0.8930097625975858
525,color,wash,-0.924108352116301
526,colorful,outfit,-0.8113982191307518
527,colorful,shot,-1.079501519085579
528,colorful,toy,-0.8766830370690416
529,colorful,wood,-0.8805813523417442
530,colors,emblem,-0.8963338045211414
531,colour,grey,-0.9330928542905119
532,colour,shade,-0.8699843550266426
533,comfort,relief,-0.8935301182763005
534,comment,mention,-0.8339753970541444
535,commercial,manufacture,-0.8497007399906374
536,commitment,guarantee,-0.7662774795975962
537,communication,theater,-1.0114337296670621
538,compact,short,-0.9527641898261061
539,company,distributor,-0.618386803808187
540,compartment,stalls,-0.8883168326747439
541,compatible,software,-0.6800668863598218
542,competes,race,-0.8961965856056688
543,compound,enhance,-1.04904343332186
544,compound,whole,-1.0534834812554237
545,computer,lab,-0.8227527114972392
546,computer,number,-0.9517328614955587
547,computer,platform,-0.9003346652233749
548,computer,railway,-0.930474904203959
549,concentration,focus,-0.8620163622720209
550,concert,jazz,-0.6392013250144929
551,concert,sing,-0.7495287488745421
552,concerts,settle,-1.0438228835534669
553,conclusion,judgment,-0.8098359320142245
554,conclusion,situation,-0.8199758235248118
555,concoct,request,-1.0164665388346623
556,concrete,interior,-0.9165003738908002
557,concrete,pin,-0.954933112582555
558,cone,palm,-1.011036554018645
559,congress,sex,-1.0021981514527445
560,connection,keyboard,-0.9533799233210026
561,consequences,position,-0.9208753401414688
562,consistency,phase,-1.0084641190719679
563,construction,downtown,-0.7906523536765098
564,construction,interior,-0.926769165773518
565,contact,print,-0.991604154448527
566,control,driving,-0.9976451830225244
567,cooking,dessert,-0.6323807391979137
568,cooking,eat,-0.6910933952902961
569,cooking,food,-0.68076419700895
570,cooking,frozen,-0.712425925178515
571,cooking,salad,-0.5241409422339418
572,cool,cool,-0.0
573,cool,jazz,-0.9838910977304163
574,cool,state,-1.0890930116817168
575,cop,dirty,-0.913897803614081
576,cop,music,-0.9490700895768599
577,cop,ruin,-0.998816388548305
578,cord,eclipse,-1.007987641694976
579,corn,pepper,-0.5282718416302072
580,cost,price,-0.6357917411089278
581,costume,halloween,-0.7629422178288298
582,costume,radiation,-1.0823246524511152
583,cottage,patio,-0.7332658499963516
584,council,minister,-0.7995394500407007
585,count,investigation,-0.860676594553186
586,count,number,-0.9131317290447358
587,counter,furniture,-0.9728685211467312
588,counter,negative,-0.8844101770345386
589,couple,family,-0.8195846772733244
590,couple,makeup,-1.0185471950786884
591,couple,race,-0.9975367282435339
592,cousin,relation,-0.9561255162235802
593,cover,feather,-0.9697032609289443
594,cover,sleeve,-0.9418131794393599
595,covering,skin,-0.8674248687388403
596,cowboys,ranch,-0.9458614919686702
597,crack,cracking,-0.6019283856834575
598,cracking,noise,-0.8952534930584939
599,cracking,sound,-0.9540325422714709
600,craft,game,-1.0544100191128323
601,crane,stair,-0.9235210821454164
602,crash,swing,-1.0084983154054425
603,creation,stitch,-0.998017239289915
604,credit,flap,-1.0313076114652584
605,credit,foundation,-0.9758744915852844
606,crew,unit,-0.9142019960997678
607,critic,reviewers,-0.8859650005892151
608,crochet,family,-0.9996152517584554
609,crochet,jewelry,-0.8781501742007469
610,crochet,knitting,-0.7401755327450892
611,cross,mug,-1.0051725679252672
612,cross,post,-0.9421820139800052
613,cross,pub,-0.9975502678530244
614,cross,shopping,-1.0217084690308726
615,crush,push,-0.840388568774077
616,crush,split,-0.9327714922252917
617,crystal,spiral,-0.9484047303126534
618,cube,dice,-0.8570899615679907
619,cup,handbag,-1.0471593862429693
620,curb,smother,-0.8755028105586735
621,curb,train,-0.9880841659826869
622,current,flow,-0.9036391034987443
623,cut,gore,-1.0255027915067723
624,cute,fashion,-0.8831013603029845
625,cute,friend,-0.9042827869745287
626,cute,fun,-0.6926838424759183
627,cute,haircut,-0.8146603648097108
628,cylinder,pen,-0.9337804270776984
629,daisy,foliage,-0.9455393185366454
630,daisy,grass,-0.9201972719901704
631,daisy,petal,-0.8868786118671471
632,dance,hotel,-0.9721267694869935
633,dandelion,foliage,-0.8862888334374294
634,dandelion,grass,-0.8148269624234094
635,dandelion,petal,-0.8832810067837741
636,danger,status,-0.9667979774992433
637,dark,flamingo,-0.9964044162421564
638,dark,pod,-0.9553311094287487
639,dark,white,-0.7008864412157271
640,dashboard,protection,-1.0162158868433946
641,daughter,graphic,-1.0176702167461578
642,daughter,pub,-0.9650056390834053
643,dawn,day,-0.8226597863267824
644,day,glide,-0.9984446064130456
645,day,horse,-0.965256693254461
646,day,independence,-0.9234401365157094
647,day,night,-0.6872024067915075
648,day,sunny,-0.8724164962428835
649,day,sunset,-0.8844531632701824
650,day,weather,-0.8925697784501537
651,dead,sidewalk,-0.930463558396761
652,deaf,people,-0.8924420298140865
653,death,funeral,-0.8748696353910506
654,decision,option,-0.8743344117083106
655,decoration,tulip,-0.9012026504243211
656,defeat,ending,-0.8908744328954972
657,defeated,people,-1.0611310690063696
658,degree,quantity,-0.9109345554401056
659,demand,supply,-0.6470088904528908
660,demolition,interior,-0.962945755157151
661,demolition,skyscraper,-0.8765597417850993
662,demolition,tall,-1.000110289144543
663,desert,mountain,-0.5814039452744029
664,deserve,merit,-0.7030666300218527
665,deserve,want,-0.7332191944725879
666,design,graphic,-0.9121023809563074
667,design,orange,-0.9981976452877184
668,designation,recognition,-0.8464661273436991
669,designs,intend,-1.0171551380157986
670,dessert,head,-1.0656025400998403
671,dessert,salad,-0.40834766874977346
672,determination,selection,-0.9699556873492033
673,development,twist,-1.0011757413606168
674,diamond,parade,-0.9763239341246465
675,diamond,short,-0.9821858915159801
676,diamond,stencil,-0.9821189346663771
677,difficulty,problem,-0.7379285162878619
678,digit,toe,-0.9481881696568721
679,dilute,market,-0.8962896357495874
680,dinner,sitting,-0.8960616377311466
681,dinner,sleep,-0.936047503484173
682,direction,direction,-0.0
683,direction,traveling,-1.0097457927920468
684,dirt,racing,-0.9321750483364384
685,dirt,road,-0.7130918990737478
686,dirt,sand,-0.5240041906036912
687,dirty,dude,-0.9087313536339572
688,dirty,rabbit,-0.9370528554323505
689,dirty,washing,-0.7624129111615024
690,discharge,spread,-0.9960076479083934
691,discipline,discipline,-0.0
692,disk,dot,-0.97176911749286
693,display,stick,-1.0296155277765209
694,dissipate,isolate,-0.9336146434727624
695,distinction,sword,-0.9616444554699827
696,distinguish,medal,-1.0296374380136897
697,distinguish,sex,-0.967099951496101
698,disturbance,upset,-0.989604314400822
699,diversion,skiing,-0.9800768185338733
700,dock,herb,-1.0323364438152745
701,dog,husky,-0.9102218908621932
702,dog,secretary,-1.0539215838182001
703,doll,new,-1.0184445099299786
704,dome,interior,-0.9199112238527816
705,dome,uniform,-1.0018071412678877
706,donut,panda,-0.9465904954477643
707,door,interior,-0.9515030293121767
708,door,porch,-0.6763802088286298
709,door,room,-0.725362254857711
710,downtown,field,-0.951869012593562
711,downtown,hockey,-0.9410086594009411
712,downtown,ruin,-0.989234022431543
713,downtown,shopping,-0.694485287250419
714,downtown,subway,-0.6814613686488855
715,drag,drawing,-0.9775896934042221
716,dragon,drop,-1.0580839848482713
717,dragonfly,frog,-0.8952490126752584
718,dragonfly,insect,-0.8742626509279312
719,draw,draw,-0.0
720,draw,entertainer,-1.0265515746569083
721,dress,match,-1.0204497256159286
722,dress,neckline,-0.61575715537249
723,dress,outfit,-0.5616582076560392
724,dressing,patch,-0.9007892043750312
725,drill,implement,-0.9851060492252799
726,drink,turn,-0.955856964734463
727,dripping,hot,-0.7943789813980678
728,dripping,round,-1.029739302480925
729,dripping,wet,-0.7226961527281139
730,drive,drive,-0.0
731,drive,operate,-0.9278173105736678
732,drop,drop,-0.0
733,drop,measure,-0.9523153746630492
734,drop,sink,-0.9209932581006647
735,dropping,dropping,-0.0
736,drought,time,-0.9542377472487931
737,drug,reflection,-1.037484869338254
738,drug,sing,-1.0794067488711738
739,drug,wolf,-1.0409333529700535
740,dude,fun,-0.7852526549444534
741,dude,hanging,-0.942171340435249
742,dude,sitting,-0.922766707960101
743,dude,smile,-0.89186114011699
744,dusk,hummingbird,-0.9528629049937287
745,dusk,misty,-0.7902840990080238
746,dye,kiss,-0.9691147953199698
747,eagle,feather,-0.8644708523143874
748,ear,organ,-0.8823921426238943
749,earn,make,-0.8903770626993909
750,ease,relaxation,-0.8173243154558079
751,ease,rest,-0.9687028939451973
752,east,israel,-0.8505776310247024
753,easter,preference,-1.0161963163484196
754,eat,rabbit,-0.7848078352997602
755,eat,soup,-0.5728101705425283
756,eat,truck,-1.0450421394786604
757,educated,learned,-0.9314765497400989
758,effects,effects,-0.0
759,egg,lego,-1.0317699189643026
760,egg,nest,-0.8110131940273941
761,egg,white,-0.8520814756014617
762,eight,movement,-1.0108343146072667
763,element,mixture,-0.9650895823474032
764,element,situation,-0.8864719388614481
765,elephant,giraffe,-0.7315183095431632
766,emission,gum,-1.017306117889107
767,endeavor,worst,-1.0054265890256533
768,enemy,strike,-0.9206562807757374
769,enforcing,execute,-0.9201448247089663
770,engine,gasoline,-0.8328827250797151
771,engineering,technology,-0.6624266844786963
772,english,french,-0.709455278898703
773,enhanced,increased,-0.7825059682208441
774,enjoy,suffering,-1.0260583021362486
775,enterprise,industry,-0.8115948949471647
776,entrance,registration,-0.9746932151094378
777,equipment,seat,-0.9918657905985311
778,escalator,railway,-0.8482423232779499
779,escalator,redhead,-0.9877400201148628
780,establishment,establishment,-0.0
781,evaluate,forecast,-0.9996500547886908
782,evening,fun,-0.9612315244112695
783,evening,night,-0.4842637328114354
784,evening,time,-0.96063459385281
785,event,influence,-0.9785349785715268
786,evidence,format,-0.983669774874864
787,evidence,record,-1.0026610619795933
788,evil,worst,-0.9342781108320617
789,evolution,publicity,-0.9910458929221322
790,examination,quiz,-0.9212588734947148
791,executive,organization,-0.9503901158364855
792,exhibit,parade,-0.8225541843304032
793,exhibition,painting,-0.8178764811449797
794,exhibition,soup,-1.0683076430050427
795,expect,think,-0.6651484083878776
796,expectation,possibility,-0.8812675542527091
797,expedition,mystery,-0.975726100308813
798,explosion,stencil,-1.0236288390617805
799,express,mail,-0.8635692601718227
800,extending,increase,-0.8624104686102072
801,extort,school,-1.0187826399272568
802,eye,face,-0.8802526322330906
803,eye,lip,-0.7573824858072287
804,eye,sky,-0.8838462410510092
805,fabric,lace,-0.5646807462560508
806,fabric,sail,-1.0116138586422434
807,face,stop,-0.9577463645315952
808,face,tear,-0.9689543629102908
809,fair,midway,-1.0124574836650324
810,family,town,-0.9226400591077301
811,fantasy,fiction,-0.6573357656222671
812,fantasy,recycling,-1.0338668248314054
813,farm,wind,-0.9921902630435315
814,farmer,individual,-1.074495506293807
815,fashion,handwriting,-0.9798424523270663
816,fashion,outfit,-0.806028198500244
817,fauna,toy,-1.0033988879495406
818,fbi,investigation,-0.6491379439122238
819,fear,fear,-0.0
820,feather,flamingo,-0.920487549963652
821,feather,grey,-0.8706096538318686
822,feather,hummingbird,-0.9034576444291167
823,feather,mallard,-0.9397851591325052
824,feather,nest,-0.860439785410434
825,feather,sunflower,-0.9236801585830984
826,feedback,flow,-0.9049813846107322
827,feel,friend,-1.0094882312420879
828,feel,stop,-0.9073614396260453
829,feel,tear,-1.000286510863201
830,feline,kitten,-0.8929374402562942
831,feline,kitty,-0.8934761438569878
832,feline,nut,-1.0119145168676416
833,feline,pumpkin,-1.0100864646837726
834,feline,reptile,-0.9059069365001755
835,female,old,-0.9582333212990136
836,female,square,-1.0610403905789987
837,festival,gate,-0.9312100441562574
838,festival,music,-0.7127233472233252
839,fiction,romance,-0.7112795107182572
840,field,handle,-1.0410642723451131
841,field,play,-0.8257946422321487
842,field,science,-0.9845631077218395
843,fighting,resist,-0.93724781842908
844,filing,formations,-1.0319201433046457
845,filled,filled,-0.0
846,find,occurrence,-0.9585737331699301
847,fine,precise,-0.9782561799485983
848,finger,toe,-0.6719128428919652
849,fingerprint,football,-1.046444833862094
850,fire,flame,-0.8404502439839607
851,fish,fishing,-0.7587162968788628
852,fishing,shore,-0.7208676494912527
853,fishing,word,-1.0359437229177255
854,five,month,-0.8040898389079052
855,flame,peacock,-0.9530567899442562
856,flame,reaction,-1.0237070748125063
857,flat,housing,-0.9868877528172025
858,fleet,travel,-0.9189192936574172
859,flight,plane,-0.5107346252132772
860,flight,shoot,-0.9889514146393676
861,flood,flood,-0.0
862,flood,line,-1.0261807536503869
863,floor,interior,-0.9100665203941085
864,floor,stair,-0.7959244458945717
865,flour,garlic,-0.40245306607431053
866,flower,foliage,-0.6855159284865284
867,flower,garden,-0.6669887307303659
868,flower,lily,-0.7663793669846861
869,flower,petal,-0.8079356859608692
870,flower,spring,-0.850195014501955
871,flower,yellow,-0.6868671721768782
872,flush,good,-1.0054201744135354
873,flyer,justice,-1.0002882644794984
874,fog,mist,-0.6047231501085222
875,fog,sunny,-0.7605308890500668
876,foliage,fruit,-0.7957627983731688
877,foliage,garden,-0.7604776464238217
878,foliage,moss,-0.8956155359454654
879,foliage,pink,-0.7904060019200252
880,foliage,purple,-0.7578900142948128
881,foliage,violet,-0.843703989124927
882,followed,tailgate,-1.007857582795605
883,follower,planet,-1.0005686779395915
884,follower,satellite,-1.0153219969213663
885,food,medium,-0.909711439532357
886,foot,mural,-0.8604624943008055
887,foot,outdoor,-0.9017901218714045
888,foot,toe,-0.7097800900873839
889,football,justice,-1.017843944982691
890,footprint,scooter,-1.0171987991684683
891,ford,valley,-1.007212276071499
892,foreign,nation,-0.922558413987323
893,forest,frog,-0.9431598858193381
894,forest,ground,-0.9021309547973824
895,format,packaging,-0.8955289272106182
896,formation,perceive,-1.0000804400278724
897,formation,perform,-0.9778615157091767
898,forward,player,-0.8239878595483558
899,forward,position,-0.9661750733294743
900,forward,transport,-1.0346347559585694
901,foundation,support,-0.91008850499899
902,fountain,marble,-0.6954575138075594
903,free,skin,-1.0485336724290675
904,frost,lily,-0.9194001291631948
905,frost,weather,-0.8547344643792051
906,frozen,shop,-0.9759362491229628
907,frozen,soup,-0.6111353494556254
908,fruit,orange,-0.5969616946211327
909,fruit,product,-0.9185342202602569
910,fruit,strawberry,-0.6446334065614963
911,fruit,sunflower,-0.6676966176064829
912,fun,haircut,-0.8987511907350723
913,fun,happy,-0.7212780832921054
914,fungi,insect,-0.7812110331889551
915,fungi,mushroom,-0.8619365604002177
916,furnish,impress,-0.969429397449679
917,furnishing,jumper,-1.0244062698273597
918,gallery,journal,-0.9715436892435232
919,gamble,pyramid,-0.990780757983562
920,game,playoff,-0.5330405702831045
921,garage,kitchen,-0.7163860493118681
922,garage,opener,-1.0121840636546398
923,garbage,lunch,-0.9670363141036145
924,gardens,sink,-1.0087007538487807
925,gardens,tend,-1.0137598692458003
926,gas,neon,-0.9757297103041289
927,gas,sewer,-0.8165439286761026
928,gasoline,town,-1.0181365797798008
929,gauge,meter,-0.975339359327307
930,gem,quartz,-0.9161335838737046
931,germany,worst,-0.9855658460212525
932,get,regained,-0.9882578972098933
933,get,start,-0.8622614758920901
934,giraffe,mist,-0.9743231401441894
935,giraffe,zebra,-0.7712710946045307
936,giraffe,zoo,-0.8214000675731405
937,girl,sexy,-0.7561038863507212
938,glove,wear,-0.8956338882592373
939,goose,outfit,-0.9956349544642593
940,government,immunity,-0.8090335085840414
941,governor,office,-0.8553633887181255
942,graduate,graduate,-0.0
943,grape,wine,-0.5797508028345452
944,graphic,roof,-1.0198816408652172
945,grass,ski,-0.945039157960861
946,grass,skull,-0.9129217451750093
947,grass,stop,-1.0370866766933569
948,grave,memorial,-0.830327921543887
949,grave,santa,-0.9763538663146345
950,grave,shore,-0.9798534694733809
951,graveyard,ruin,-0.9525676778950286
952,gray,property,-1.0820236096569493
953,greater,greater,-0.0
954,greater,large,-0.9149158861866122
955,green,number,-1.0773646060706616
956,green,yellow,-0.5030657257681814
957,greeting,receptions,-0.9368534154087073
958,grey,pink,-0.7857802832510624
959,grey,rusty,-0.9282771445483164
960,grey,white,-0.7795609020031221
961,guardian,livestock,-1.0149289497732454
962,gulf,ms,-1.0567439515646846
963,gun,picture,-1.0047601216508224
964,guy,idea,-0.7789425352194616
965,guy,kid,-0.4362343726975749
966,guy,kiss,-0.8632250379635367
967,guy,people,-0.8290329699621155
968,guy,poodle,-0.9155805536054819
969,guy,sitting,-0.8625176629882831
970,guy,smile,-0.7943710099111394
971,guy,stand,-0.9576738385226423
972,guy,tear,-1.0224173163243646
973,hail,judge,-1.016549194045653
974,hair,redhead,-0.8884255184941326
975,hair,stencil,-0.9390991584147663
976,hair,wig,-0.5850270303773324
977,hand,left,-0.8325547390360704
978,handle,shop,-1.0110566007987933
979,handle,terrier,-1.0518072905716134
980,hanging,smile,-0.9392132410920359
981,happy,licking,-0.9610258408226741
982,happy,mom,-0.7647695075340138
983,happy,post,-1.0427182322494684
984,happy,sleep,-0.8755027678240309
985,happy,stand,-0.957291298869742
986,happy,stop,-0.9607363691815332
987,happy,time,-0.9739853703100779
988,harbor,sea,-0.6757080407904399
989,harbor,sunk,-0.7657665015363271
990,harbour,ship,-0.8552757044479977
991,harbour,shore,-0.8117235251905663
992,hard,zoo,-1.0489815039177046
993,hat,jacket,-0.5381618117068547
994,hat,jean,-0.9358693401072918
995,hat,peel,-0.9853551784646052
996,hat,role,-1.0432560255277075
997,health,welfare,-0.6245029397031563
998,heart,wing,-0.9912312857844379
999,heater,stove,-0.641038766026421
1000,heel,stack,-0.9657459660997179
1001,held,nest,-1.0407862427425445
1002,helix,spiral,-0.8906612306233509
1003,highway,road,-0.48289035570794137
1004,hill,horizon,-0.9795361852254972
1005,hill,mountain,-0.7342687827937651
1006,hill,scenery,-0.9928236330798156
1007,history,recital,-0.9399421026772345
1008,hit,tourist,-0.9915427297049475
1009,hockey,ice,-0.8415054193321525
1010,hockey,play,-0.7103234204095422
1011,holiday,travel,-0.8437796728958047
1012,home,smoking,-1.0396533343810275
1013,honest,sincere,-0.6116268030546583
1014,hood,protection,-1.0316765067029927
1015,hope,psychology,-1.0120810126634945
1016,horizon,sky,-0.6842514932234047
1017,horizontal,surface,-0.8211821410425124
1018,hostility,war,-0.839903364729097
1019,hot,hot,-0.0
1020,hot,sunny,-0.872275858811047
1021,hotel,kill,-1.0685521125737427
1022,hotel,library,-0.8143516774533512
1023,hotel,oak,-0.8509411811972785
1024,house,staircase,-0.8898903582045319
1025,house,windmill,-0.9676842270913542
1026,housing,vault,-1.034002470007869
1027,hummingbird,rodent,-0.9411541095910676
1028,husky,painting,-1.000806366931839
1029,image,visualize,-0.9313884659359258
1030,impressive,striking,-0.8354273531474365
1031,industrial,lake,-0.9741641705277192
1032,information,target,-0.9862622922399089
1033,infrastructure,structure,-0.8210360605820954
1034,initial,letter,-0.9295848803859678
1035,injury,wrong,-0.9961092121264099
1036,ink,liquid,-0.8010541972715686
1037,ink,organ,-0.9775291498764996
1038,insect,lizard,-0.8496207167317814
1039,installation,zoo,-0.9948217516412162
1040,instruction,lesson,-0.7686858577958582
1041,interest,lien,-0.9584965495473277
1042,interior,object,-1.0098704413814015
1043,interior,paint,-0.9029116002564312
1044,interior,roof,-0.8734702576394345
1045,interior,staircase,-0.9195759053476242
1046,interior,tall,-0.9528230700006689
1047,interpretation,twist,-0.8957569847990179
1048,intrigue,romance,-0.718504335586173
1049,inventory,listing,-0.9107048862469824
1050,invite,requests,-0.946646657542202
1051,ipod,rope,-0.9760487869106991
1052,iron,robust,-1.0509895264256075
1053,israel,israeli,-0.4414033027389207
1054,israel,terror,-0.7400053346859314
1055,issue,up,-1.0312549854770123
1056,ivy,oak,-0.8549231594643515
1057,jaguar,storm,-0.9974072935178052
1058,jamaica,queens,-0.7793706967572179
1059,jazz,play,-0.8877244901969021
1060,jean,shirt,-0.9434118584803574
1061,jean,washing,-1.065317121644804
1062,jellyfish,punk,-0.9817498180164406
1063,jellyfish,texture,-0.9533184347414589
1064,joke,message,-0.9091594669281777
1065,journal,writing,-0.859651114450289
1066,judgment,sense,-0.8658661545439998
1067,jump,stitch,-0.9833102232411389
1068,jump,uniform,-1.0277860423644885
1069,jury,school,-0.9795392026863555
1070,justice,official,-0.7827374576866937
1071,juvenile,rope,-1.0219856129098375
1072,key,misty,-1.0430392141723552
1073,key,motor,-1.0045006915800119
1074,keyboard,soldier,-1.0385500334670057
1075,kidnapped,shanghai,-0.9300750381275402
1076,kill,sacrifice,-0.9061893983847848
1077,kill,shot,-0.9056908276993467
1078,kind,soft,-1.0227341815703583
1079,kiss,rusty,-0.9705229701614421
1080,kitchen,sleep,-0.9334081924490376
1081,kitchen,stair,-0.8786489480792112
1082,kitchen,washing,-0.7161269454661254
1083,kitten,kitty,-0.8424713301700731
1084,knock,tap,-0.9425026902906434
1085,lad,wizard,-0.9213691434817974
1086,lady,sexy,-0.8346628927404953
1087,lake,scenery,-0.8966578621377873
1088,lake,town,-0.7173754878269152
1089,lamb,lantern,-1.0178556745346927
1090,lamb,number,-1.0664555042666595
1091,lamb,snow,-0.9818897361395618
1092,landscape,mountain,-0.8654581324360424
1093,landscape,stadium,-0.9758424246581165
1094,lantern,oak,-0.9045436142981981
1095,lapse,suspension,-0.9130223632808376
1096,last,last,-0.0
1097,last,senior,-0.9812053170053895
1098,laundering,machine,-0.9610746184717437
1099,law,mosaic,-1.0050516913988021
1100,lawn,sleep,-0.963238649288545
1101,layer,region,-1.0363961513627253
1102,leaf,nature,-1.0536110731246608
1103,lean,rest,-0.9782297673588728
1104,leap,second,-0.955881886312772
1105,learned,learned,-0.0
1106,leather,pouch,-0.7968545073944746
1107,leather,sunshine,-1.0028088522533423
1108,leave,pass,-0.9131626823581375
1109,left,morning,-0.9744453758819597
1110,left,walk,-0.9181078671707
1111,lego,rodent,-0.9906146935729585
1112,lever,machine,-0.9073839340957627
1113,lever,open,-0.9964677364786404
1114,licking,marble,-0.9651375919154151
1115,licking,pier,-1.002756903019902
1116,licking,puppy,-0.8514220913213957
1117,licking,rusty,-0.9439999955226427
1118,licking,sitting,-0.8498649461826783
1119,lie,line,-0.9765773334716111
1120,lie,sun,-0.9631963328269202
1121,light,shadow,-0.8586826168748087
1122,light,sleep,-1.0108860214378508
1123,light,sunlight,-0.6941379499099332
1124,lighthouse,wall,-0.9196893735606496
1125,lighting,man,-1.0433296758334665
1126,lighting,stone,-0.8615721341597217
1127,lily,plant,-0.9534642618114889
1128,lily,purple,-0.8089311698023923
1129,lily,tulip,-0.8332825651486813
1130,limb,limb,-0.0
1131,line,street,-0.9143720292272812
1132,lion,square,-0.9535596529382486
1133,list,position,-1.001854395604462
1134,list,post,-0.9509403375188217
1135,list,shopping,-0.9295183102070457
1136,listing,organization,-0.9950199430885286
1137,live,stitch,-0.9909663361734763
1138,location,space,-0.919233164678314
1139,lock,mannequin,-0.990753568192484
1140,looking,sightseeing,-0.9889091764965777
1141,loss,reducing,-0.9384793394161665
1142,love,romance,-0.6802769675478888
1143,lower,sustain,-0.9169496060678958
1144,lunch,morning,-0.8178570081843226
1145,lunch,sunny,-0.9189488975003677
1146,machine,pond,-0.9884432594599866
1147,machine,sketch,-0.9966062238963422
1148,machine,washing,-0.8578357148791103
1149,magnitude,size,-0.8416233358528459
1150,magnolia,maple,-0.8219818653990174
1151,maker,manufacturer,-0.24294067725262347
1152,makeup,people,-1.0367169370525213
1153,male,man,-0.8705255723149112
1154,manufacture,up,-1.0392235817565922
1155,map,sewing,-1.0401790037030334
1156,map,video,-0.9481738217240675
1157,maple,oak,-0.6876253799616543
1158,marble,postcard,-0.9452468056092623
1159,marble,sing,-1.009863400473966
1160,market,shop,-0.9366837813932373
1161,market,sweeten,-0.9508772509037583
1162,mars,water,-0.9735827763992715
1163,mask,roof,-0.933514304182569
1164,match,matchstick,-0.9979176405066124
1165,match,play,-0.6886886292659209
1166,matter,text,-0.96400916387438
1167,mayor,villa,-0.8483365089253947
1168,meal,rice,-0.6715989789529223
1169,means,tool,-0.8571358989689352
1170,measure,twist,-1.0357447741356363
1171,meat,moon,-1.018851822966122
1172,meat,potato,-0.4977523714476225
1173,meat,soup,-0.464534626850594
1174,medium,organization,-1.0479965427703475
1175,melody,music,-0.7078128839798774
1176,memorial,rope,-1.0009809791725366
1177,memory,operation,-1.0179453394637488
1178,metro,rail,-0.7047479953813706
1179,metro,train,-0.778875104125086
1180,military,reflection,-1.0293074848003163
1181,military,wasp,-0.978055981108469
1182,mill,wild,-0.9940402716715268
1183,mill,windmill,-0.8528368186766979
1184,miniature,paint,-0.8500117553418353
1185,miniature,painting,-0.8418351338500838
1186,minister,work,-1.0372016371571888
1187,mirror,raspberry,-1.0463909309297643
1188,mist,sky,-0.738416102949738
1189,mist,sunny,-0.8348767520089448
1190,misty,sky,-0.7688355849345935
1191,misty,snow,-0.8200973888151851
1192,misty,sunny,-0.801141018713881
1193,misty,sunrise,-0.8494232741828276
1194,misty,sunshine,-0.8188496545818232
1195,model,toe,-1.0198865487221416
1196,mole,spy,-0.9144073233857972
1197,moment,thief,-1.0177778645134752
1198,money,pile,-1.010653954303569
1199,money,quota,-0.9214167514042454
1200,monster,rock,-0.8654629855298297
1201,month,year,-0.40439326744645354
1202,moon,mushroom,-0.9327101849317437
1203,morning,sunrise,-0.7184479258944669
1204,morning,sunshine,-0.8385515733998392
1205,mortal,mother,-0.9627251965958376
1206,moss,plant,-0.9939798552618729
1207,mother,mother,-0.0
1208,mother,mother-in-law,-0.5692129652710651
1209,mother,pregnant,-0.6202672692813715
1210,mother,yeast,-1.0455834366615702
1211,motion,step,-0.9132580441285372
1212,motto,volunteer,-0.9610325591128475
1213,mouth,tongue,-0.658103573484597
1214,move,shifting,-0.9424029855822977
1215,move,spread,-0.9768522972487859
1216,move,swell,-0.9799124935333058
1217,mozart,wagner,-0.8099182424845136
1218,museum,swim,-1.0081524566027313
1219,music,musician,-0.7093968044786811
1220,music,print,-0.909260579973777
1221,music,track,-0.9998033040550448
1222,musical,solo,-0.765400020661497
1223,nail,rusty,-0.8565545139525493
1224,nation,spanish,-0.9674073975572142
1225,native,rhodes,-0.8849087252229233
1226,necklace,snow,-0.9903277127490807
1227,nest,wasp,-0.8888184681971236
1228,noodle,pigeon,-0.9247077261313121
1229,novel,story,-0.7854770600765956
1230,nude,painting,-0.7715626374056078
1231,nurse,nurse,-0.0
1232,nut,sunflower,-0.7708893069291654
1233,observation,radio,-0.9731835557262754
1234,observe,violating,-0.8563295472086011
1235,obvious,plain,-0.9295587983950075
1236,obvious,room,-1.0448439576349953
1237,occasion,second,-1.0083236292524733
1238,occupation,place,-1.016570774002151
1239,ocean,pacific,-0.6174071319134018
1240,ocean,underwater,-0.6822629129932885
1241,ocean,water,-0.7488800349025238
1242,old,race,-1.0256004288516578
1243,old,seat,-0.9608112412138833
1244,operation,operation,-0.0
1245,opinion,sentiment,-0.7444910134139395
1246,orange,peel,-0.6590646421176194
1247,orange,raspberry,-0.6001518942664795
1248,orange,shop,-0.9182107035692123
1249,origami,stadium,-0.9958822580570512
1250,origin,root,-0.9367662921087627
1251,out,sent,-0.9998629067774808
1252,outdoor,pool,-0.7210247937000741
1253,outdoor,swimming,-0.6829735950928796
1254,outfit,sign,-1.037649065900434
1255,outfit,sock,-0.8492327717284371
1256,overflow,sewer,-0.8285690426174324
1257,pain,suffering,-0.458479279984234
1258,paint,picture,-0.9227062184566821
1259,paint,portrait,-0.9073949222764701
1260,painting,sculpture,-0.5741798545868546
1261,palace,ruin,-1.0010512867740213
1262,panorama,scenery,-0.8027102268653646
1263,panorama,view,-0.8234904719715749
1264,panorama,zoo,-0.9568831362264281
1265,paper,railway,-1.0108943292978292
1266,paper,vine,-0.9788619220781437
1267,papers,security,-0.9663317101534871
1268,park,parking,-0.7083252248250064
1269,part,relation,-0.9739013510335273
1270,party,seat,-0.8983888677615979
1271,pass,ticket,-0.9709709168740653
1272,pass,topping,-1.0168792696188866
1273,passage,quotation,-0.903889624515273
1274,passing,passing,-0.0
1275,path,star,-1.024869135098943
1276,patio,sleep,-0.9469276400847314
1277,patio,stair,-0.8535959477436266
1278,patio,staircase,-0.7196161275887806
1279,patio,woman,-1.0045707229082854
1280,pavilion,terrace,-0.6780590085793963
1281,paw,theatre,-0.9959574843112289
1282,peel,skin,-0.711889866595799
1283,pennsylvania,writer,-0.9444702681789676
1284,people,wounded,-0.7469691853205538
1285,pepper,potato,-0.446667748192239
1286,pepper,tomato,-0.30305588096964176
1287,person,tiger,-1.0073816444084025
1288,personnel,police,-0.7002577682237514
1289,persuasion,weapon,-0.9254080151203508
1290,petal,shade,-0.8613788524224315
1291,photo,photography,-0.783458280874248
1292,photograph,still,-0.9980263211530527
1293,photographer,portrait,-0.8065242140982956
1294,photographer,wedding,-0.9090760804726984
1295,piano,wolf,-0.9480884473660383
1296,pigeon,round,-1.0188346925057454
1297,pillow,stone,-0.9166463263449071
1298,pink,skirt,-0.5545796267455565
1299,pink,white,-0.5661853751635373
1300,place,place,-0.0
1301,place,siphon,-1.0332125162319254
1302,plain,report,-1.071897505355923
1303,plant,seed,-0.8246854653480169
1304,plant,skate,-1.0719335585822887
1305,play,rail,-1.045148567550858
1306,play,sign,-0.9444547901250674
1307,play,thousand,-1.039928714937806
1308,player,slave,-0.999654915794496
1309,pledge,promise,-0.5071100723729137
1310,plot,strategy,-0.8737019550212505
1311,point,second,-0.8105397299456227
1312,point,spot,-0.896803036633812
1313,point,tennis,-0.9941846831804897
1314,point,trouble,-0.9603010529423006
1315,poll,poll,-0.0
1316,pond,water,-0.736308727806434
1317,poodle,puppy,-0.7254759443603775
1318,poodle,terrier,-0.7100397139616874
1319,pool,relax,-0.9480788713929762
1320,porch,roof,-0.6712186013086967
1321,porch,scooter,-0.9530623793400026
1322,porch,staircase,-0.7088908293268505
1323,portrait,underground,-1.026231261116131
1324,potato,rice,-0.5179027423057394
1325,president,president,-0.0
1326,price,price,-0.0
1327,principle,principle,-0.0
1328,privilege,rich,-0.9829037765192257
1329,production,production,-0.0
1330,profiling,racism,-0.7179015334536385
1331,protection,roof,-1.0327288574683762
1332,protest,tile,-1.0622873986648278
1333,publish,show,-0.9340863639012698
1334,pug,puppy,-0.7990706787448608
1335,punk,vinyl,-0.9044697304575755
1336,puppy,skyline,-1.0251915462305206
1337,purple,violet,-0.6990883994699026
1338,pyramid,speculation,-1.0256792810314015
1339,quality,romance,-1.0065650171813656
1340,queen,queen,-0.0
1341,race,racing,-0.5908381913335676
1342,race,square,-1.0072846937896693
1343,radical,role,-0.932213081611216
1344,rail,train,-0.5180930747864299
1345,railroad,underground,-0.7778633546279804
1346,railway,station,-0.6890985718406268
1347,rain,wet,-0.7603806236032906
1348,raise,shoulders,-1.0264546445506777
1349,raising,upbringing,-0.9955168843946492
1350,raspberry,sweet,-0.5987645882935688
1351,read,reading,-0.49457543965362116
1352,rebel,soldier,-0.7851148138500812
1353,rebel,young,-1.0116416138464526
1354,recognize,succeed,-0.8808815046582582
1355,record,score,-0.7477289466662174
1356,record,write,-1.035968754544355
1357,red,shade,-0.7564270169648775
1358,red,stripe,-0.7665659144689543
1359,redhead,rusty,-0.9441684993712167
1360,relax,sitting,-0.9061041164244256
1361,relief,total,-0.9285271905004533
1362,religion,remedy,-0.9002027363035267
1363,religion,trinity,-0.9118434578846936
1364,report,study,-0.6959725350512562
1365,reptile,vacation,-0.9961600488916849
1366,reservation,reservation,-0.0
1367,resistance,resistance,-0.0
1368,reverse,reverse,-0.0
1369,rice,yellow,-0.8696074440714507
1370,ripple,shadow,-0.9463977966894435
1371,ripple,wave,-0.8404035614515919
1372,river,valley,-0.6015828066779142
1373,river,waterfall,-0.7241253126125748
1374,robbery,rolling,-1.0345757339250445
1375,rod,rod,-0.0
1376,role,title,-0.9549394067682763
1377,rolling,sound,-0.962971778256954
1378,room,sitting,-0.6717399074312076
1379,root,stem,-0.8359474884930599
1380,rope,shore,-0.9490556817648502
1381,rose,rose,-0.0
1382,round,shape,-0.9901321616429889
1383,row,terrace,-0.8655773928403067
1384,rub,wipe,-0.804683153129092
1385,ruin,stone,-0.9684428937266966
1386,ruin,town,-0.9797582184331596
1387,running,sprint,-0.9040313097428455
1388,rusty,shade,-0.9343697077062418
1389,rusty,stand,-0.9913331337599212
1390,saddle,soap,-0.9610968922451205
1391,sail,sheet,-1.0222132032613338
1392,sailing,sunk,-0.8078207585705701
1393,sake,shade,-1.0061389859822742
1394,satellite,solar,-0.8255981640347917
1395,scenery,trail,-0.8838250516393191
1396,school,welsh,-0.9439619009691708
1397,sea,shore,-0.662910354530283
1398,sea,submarine,-0.7306689633955925
1399,sea,water,-0.7545281858438111
1400,season,winter,-0.8016254407270549
1401,seize,take,-0.8326736018009284
1402,series,string,-0.7923030197205081
1403,sex,sex,-0.0
1404,sexy,smile,-0.8334847805085126
1405,shade,tree,-0.7153751282017842
1406,shade,whale,-0.9883252385629252
1407,shadow,sunlight,-0.8695529826852727
1408,shape,square,-0.9830445051940071
1409,sheet,sheet,-0.0
1410,shining,work,-1.0290562617416936
1411,ship,spouse,-1.0360800442186675
1412,shirt,tiger,-0.9475850632058507
1413,shopping,store,-0.6487185673298517
1414,shore,swim,-0.8096468642786514
1415,shore,town,-0.7670570950463271
1416,shore,valley,-0.8162434543374949
1417,short,trading,-0.9934385241437871
1418,sight,vision,-0.9265728371280056
1419,sign,sign,-0.0
1420,silence,still,-0.9244621285299153
1421,single,sole,-0.8376925955506013
1422,sitting,sleep,-0.8442119351225716
1423,situation,things,-0.7243751106463809
1424,skate,vehicle,-1.013760376386667
1425,skating,sticker,-1.0375179193377078
1426,skin,skin,-0.0
1427,sky,sunlight,-0.7466403662265294
1428,skyline,view,-0.8396957244959502
1429,slash,stroke,-1.0054737541628576
1430,slave,worker,-0.9087188420863084
1431,sleeping,waking,-0.7502042657050522
1432,small,valley,-0.9133294156579334
1433,small,village,-0.8783546613667319
1434,smile,time,-1.008157929960756
1435,smile,view,-0.9821703069822343
1436,smile,walk,-0.8982010085459533
1437,smoking,sunny,-1.000630409910622
1438,snap,touch,-0.9241290669889497
1439,sock,stocking,-0.8687363558758153
1440,solstice,summer,-0.8277545370883446
1441,song,vocal,-0.7556339646170157
1442,speech,word,-0.9219683116358193
1443,spin,sweat,-0.9756947250609666
1444,spiral,staircase,-0.7841892624472391
1445,spread,spread,-0.0
1446,square,town,-0.8028251805106518
1447,stamp,weave,-0.9994245074716246
1448,stand,tear,-0.9760091146633897
1449,stand,walk,-0.8331749363800426
1450,star,star,-0.0
1451,star,storm,-1.0261365557891227
1452,steel,wing,-0.9655429265206326
1453,step,travel,-1.0174518384744846
1454,step,walk,-0.903384188120443
1455,step,wind,-0.9888094276447815
1456,sticker,track,-1.0082796585997198
1457,stock,stock,-0.0
1458,storm,thunderstorm,-0.6396299682604532
1459,straight,stretch,-0.8016176543470673
1460,strains,trouble,-0.9502563019604677
1461,stream,waterfall,-0.8066914227624296
1462,stripe,train,-1.0062330392745382
1463,stripe,violet,-0.8637176793030465
1464,subway,underground,-0.7237924940485647
1465,subway,valentine,-1.009362317567736
1466,sun,sun,-0.0
1467,sun,sunburst,-0.9165229104621948
1468,sun,sunlight,-0.6736589682001437
1469,sun,sunshine,-0.7450122181631231
1470,sunlight,thriller,-1.0092795736767504
1471,sunny,weather,-0.7149778753034168
1472,sunny,wet,-0.8289846568385715
1473,sunshine,weather,-0.7550353605725026
1474,support,trace,-1.0058312011780086
1475,surface,territory,-0.9803858730041068
1476,surfer,wave,-0.9423119469568545
1477,tall,wool,-0.8405565421675373
1478,tenure,term,-0.6860371362611124
1479,thing,thing,-0.0
1480,ticket,writing,-1.0282788135582797
1481,tops,tops,-0.0
1482,touch,upset,-0.9928937534147163
1483,tour,travel,-0.8685242222332872
1484,traffic,traffic,-0.0
1485,train,train,-0.0
1486,travel,travel,-0.0
1487,travel,wandering,-0.9944424085080252
1488,tunnel,underground,-0.684193526945515
1489,type,write,-0.9663626707076344
1490,valley,village,-0.6616812167616399
1491,van,vine,-0.9886829467148978
1492,violet,white,-0.8370648009781676
1493,violet,yellow,-0.7424236758850866
1494,washer,worker,-0.9890099155520589
1495,water,water,-0.0
1496,ways,ways,-0.0
1497,weather,winter,-0.7134660655709393
1498,wednesday,weekday,-0.8747773904943463
1499,word,word,-0.0
